<?xml version="1.0" encoding="UTF-8"?>
<!DOCTYPE hibernate-configuration PUBLIC
		"-//Hibernate/Hibernate Configuration DTD 3.0//EN"
		"http://www.hibernate.org/dtd/hibernate-configuration-3.0.dtd">
<hibernate-configuration>
    <session-factory name="sf">
        <property name="hibernate.connection.driver_class">com.sap.db.jdbc.Driver</property>
        <property name="hibernate.connection.password">HiSagarChidre@123</property>
        <property name="hibernate.connection.url">jdbc:sap://vadbj0h.nwtrial.od.sap.biz:30185/</property>
        <property name="hibernate.connection.username">system</property>
       
        <property name="hibernate.dialect">org.hibernate.dialect.HANAColumnStoreDialect</property>
 <property name="hibernate.connection.pool_size">5</property>
		<property name="hibernate.show_sql">true</property>
		<property name="hibernate.format_sql">true</property>
		<property name="hibernate.hbm2ddl.auto">update</property>
		
		<mapping class="aatithya.Visitor"/>   
		<mapping class="aatithya.Login"/>
		
		
    
    
    
    
    
    
    </session-factory>
</hibernate-configuration>
